[{"model": "admin.logentry", "pk": 1, "fields": {"action_time": "2021-04-01T18:42:23.363Z", "user": 1, "content_type": 6, "object_id": "2", "object_repr": "11111111", "action_flag": 1, "change_message": "[{\"added\": {}}]"}}, {"model": "admin.logentry", "pk": 2, "fields": {"action_time": "2021-04-01T18:43:02.482Z", "user": 1, "content_type": 6, "object_id": "3", "object_repr": "22", "action_flag": 1, "change_message": "[{\"added\": {}}]"}}, {"model": "admin.logentry", "pk": 3, "fields": {"action_time": "2021-04-05T11:58:56.921Z", "user": 1, "content_type": 6, "object_id": "3", "object_repr": "22", "action_flag": 3, "change_message": ""}}, {"model": "admin.logentry", "pk": 4, "fields": {"action_time": "2021-04-05T11:58:56.937Z", "user": 1, "content_type": 6, "object_id": "2", "object_repr": "11111111", "action_flag": 3, "change_message": ""}}, {"model": "admin.logentry", "pk": 5, "fields": {"action_time": "2021-04-05T12:09:00.711Z", "user": 1, "content_type": 6, "object_id": "1", "object_repr": "Одежда", "action_flag": 2, "change_message": "[{\"changed\": {\"fields\": [\"Is active\"]}}]"}}, {"model": "admin.logentry", "pk": 6, "fields": {"action_time": "2021-04-05T12:12:37.931Z", "user": 1, "content_type": 6, "object_id": "1", "object_repr": "Одежда", "action_flag": 2, "change_message": "[{\"changed\": {\"fields\": [\"Is active\"]}}]"}}, {"model": "admin.logentry", "pk": 7, "fields": {"action_time": "2021-04-05T12:13:20.942Z", "user": 1, "content_type": 6, "object_id": "1", "object_repr": "Одежда", "action_flag": 2, "change_message": "[{\"changed\": {\"fields\": [\"Is active\"]}}]"}}, {"model": "admin.logentry", "pk": 8, "fields": {"action_time": "2021-04-05T12:14:24.455Z", "user": 1, "content_type": 6, "object_id": "1", "object_repr": "Одежда", "action_flag": 2, "change_message": "[{\"changed\": {\"fields\": [\"Is active\"]}}]"}}, {"model": "admin.logentry", "pk": 9, "fields": {"action_time": "2021-04-05T12:14:57.905Z", "user": 1, "content_type": 6, "object_id": "1", "object_repr": "Одежда", "action_flag": 2, "change_message": "[{\"changed\": {\"fields\": [\"Is active\"]}}]"}}, {"model": "admin.logentry", "pk": 10, "fields": {"action_time": "2021-04-05T12:15:09.115Z", "user": 1, "content_type": 6, "object_id": "1", "object_repr": "Одежда", "action_flag": 2, "change_message": "[{\"changed\": {\"fields\": [\"Is active\"]}}]"}}, {"model": "admin.logentry", "pk": 11, "fields": {"action_time": "2021-04-05T17:50:26.140Z", "user": 1, "content_type": 6, "object_id": "1", "object_repr": "Одежда", "action_flag": 2, "change_message": "[{\"changed\": {\"fields\": [\"Is active\"]}}]"}}, {"model": "admin.logentry", "pk": 12, "fields": {"action_time": "2021-04-05T17:51:29.625Z", "user": 1, "content_type": 6, "object_id": "1", "object_repr": "Одежда", "action_flag": 2, "change_message": "[{\"changed\": {\"fields\": [\"Is active\"]}}]"}}, {"model": "admin.logentry", "pk": 13, "fields": {"action_time": "2021-04-05T17:51:39.016Z", "user": 1, "content_type": 6, "object_id": "1", "object_repr": "Одежда", "action_flag": 2, "change_message": "[{\"changed\": {\"fields\": [\"Is active\"]}}]"}}, {"model": "admin.logentry", "pk": 14, "fields": {"action_time": "2021-04-05T17:51:48.119Z", "user": 1, "content_type": 6, "object_id": "1", "object_repr": "Одежда", "action_flag": 2, "change_message": "[{\"changed\": {\"fields\": [\"Is active\"]}}]"}}, {"model": "sessions.session", "pk": "2w04lirfxyrg528afly6c9koca3im4bz", "fields": {"session_data": ".eJxVjz1vwjAURf-LZxpsxxSbDQaGMhQWkFis54-QxKlNsQOoiP-OU6GqrOfq3PveDXl7TWiGxmiEzu4tQJ9qKmOCZDPdKBWOrt3-pP4Dlsx_Lw7thS_9ev2127dXlyU5GLKP9iQbkxX-yhRoZ_0QxKAb6KQOJ1s8aSzOrtiuPufD6KtXQ6yzRHglDGPKCEL4OysrOrVKYUIJ5VhBBQJngCeVZhgwN0SXRgjOTSmoEOUklz53f6s7iEl24dD4f4f9vY3uD16oWcc:1lLsrM:uMmnS-dsfxIcIXSgWOH9FLtdegyQBW5kIKzFyTupNS4", "expire_date": "2021-03-29T19:26:36.359Z"}}, {"model": "sessions.session", "pk": "46vplmvokzpftbdizpjpiiunfq519t8a", "fields": {"session_data": ".eJxVjMsOwiAQRf-FtSFleBRcuvcbyDCMUjU0Ke3K-O_SpAvdnnPufYuI21ri1niJUxZnocTplyWkJ9dd5AfW-yxprusyJbkn8rBNXufMr8vR_h0UbKWvNShLxiUEzAgmJwZv6WZGF5wO0BExjcpa6BzRhwE0DKw9BOcUaPH5AtI3NqM:1lQzQm:L5XW5rsHE7biKu1MbEX94-aBtSzZSpasU7fxn1XXbCo", "expire_date": "2021-04-12T21:28:16.514Z"}}, {"model": "sessions.session", "pk": "6a7ba3q8veztpucve5unht68tdy91d8j", "fields": {"session_data": ".eJxVjMsOwiAQRf-FtSFleBRcuvcbyDCMUjU0Ke3K-O_SpAvdnnPufYuI21ri1niJUxZnocTplyWkJ9dd5AfW-yxprusyJbkn8rBNXufMr8vR_h0UbKWvNShLxiUEzAgmJwZv6WZGF5wO0BExjcpa6BzRhwE0DKw9BOcUaPH5AtI3NqM:1lRCuW:lwCVTTVeauxNUFZ-M7LE15YgsB17-OEU3Dq_ESCmRQQ", "expire_date": "2021-04-13T11:51:52.526Z"}}, {"model": "sessions.session", "pk": "6flbp60d3w1yip6gwnuyrri33n1y083w", "fields": {"session_data": ".eJxVjMsOwiAQRf-FtSFleBRcuvcbyDCMUjU0Ke3K-O_SpAvdnnPufYuI21ri1niJUxZnocTplyWkJ9dd5AfW-yxprusyJbkn8rBNXufMr8vR_h0UbKWvNShLxiUEzAgmJwZv6WZGF5wO0BExjcpa6BzRhwE0DKw9BOcUaPH5AtI3NqM:1lQw7A:wzTYQeii0qbluiyIjHtlVl8ScmlheGYc1HtdqRMC43I", "expire_date": "2021-04-12T17:55:48.296Z"}}, {"model": "sessions.session", "pk": "cfaosznxid18o96evsa934kojpsh0yje", "fields": {"session_data": ".eJxVjMsOwiAQRf-FtSFleBRcuvcbyDCMUjU0Ke3K-O_SpAvdnnPufYuI21ri1niJUxZnocTplyWkJ9dd5AfW-yxprusyJbkn8rBNXufMr8vR_h0UbKWvNShLxiUEzAgmJwZv6WZGF5wO0BExjcpa6BzRhwE0DKw9BOcUaPH5AtI3NqM:1lQw7A:wzTYQeii0qbluiyIjHtlVl8ScmlheGYc1HtdqRMC43I", "expire_date": "2021-04-12T17:55:48.192Z"}}, {"model": "sessions.session", "pk": "d31gt1hdz95rw02wb4oyqaxty3s4pkej", "fields": {"session_data": ".eJxVjMsOwiAQRf-FtSFleBRcuvcbyDCMUjU0Ke3K-O_SpAvdnnPufYuI21ri1niJUxZnocTplyWkJ9dd5AfW-yxprusyJbkn8rBNXufMr8vR_h0UbKWvNShLxiUEzAgmJwZv6WZGF5wO0BExjcpa6BzRhwE0DKw9BOcUaPH5AtI3NqM:1lTTF6:b0vlg0zrRLb0Be_MPty8ucwqi929kuU1LEmpZoqVyXc", "expire_date": "2021-04-19T17:42:28.862Z"}}, {"model": "sessions.session", "pk": "dut8onmzhz6kgbuaadig1snptqcrcjin", "fields": {"session_data": ".eJxVjMsOwiAQRf-FtSFleBRcuvcbyDCMUjU0Ke3K-O_SpAvdnnPufYuI21ri1niJUxZnocTplyWkJ9dd5AfW-yxprusyJbkn8rBNXufMr8vR_h0UbKWvNShLxiUEzAgmJwZv6WZGF5wO0BExjcpa6BzRhwE0DKw9BOcUaPH5AtI3NqM:1lQw7A:wzTYQeii0qbluiyIjHtlVl8ScmlheGYc1HtdqRMC43I", "expire_date": "2021-04-12T17:55:48.690Z"}}, {"model": "sessions.session", "pk": "gjoh5062a9mvdmri3ldmpoinrpx1p4vk", "fields": {"session_data": ".eJxVjMsOwiAQRf-FtSFleBRcuvcbyDCMUjU0Ke3K-O_SpAvdnnPufYuI21ri1niJUxZnocTplyWkJ9dd5AfW-yxprusyJbkn8rBNXufMr8vR_h0UbKWvNShLxiUEzAgmJwZv6WZGF5wO0BExjcpa6BzRhwE0DKw9BOcUaPH5AtI3NqM:1lQw79:e0nSnn7NR192X2SPY7uR6wOQxUIk45Cqx64ZYZ4eXCs", "expire_date": "2021-04-12T17:55:47.609Z"}}, {"model": "sessions.session", "pk": "gvy8xhqyvx9gplothahqmb6a894ay0eg", "fields": {"session_data": ".eJxVjMsOwiAQRf-FtSFleBRcuvcbyDCMUjU0Ke3K-O_SpAvdnnPufYuI21ri1niJUxZnocTplyWkJ9dd5AfW-yxprusyJbkn8rBNXufMr8vR_h0UbKWvNShLxiUEzAgmJwZv6WZGF5wO0BExjcpa6BzRhwE0DKw9BOcUaPH5AtI3NqM:1lS2B8:Cd3_iRCBY5StqnX_9Lm6EwVIlx-Q_oVRPuv4Pb8aWAA", "expire_date": "2021-04-15T18:36:26.021Z"}}, {"model": "sessions.session", "pk": "ico23t2x3h5z7b2ra2j3knoa7xt1cx74", "fields": {"session_data": ".eJxVjMsOwiAQRf-FtSFleBRcuvcbyDCMUjU0Ke3K-O_SpAvdnnPufYuI21ri1niJUxZnocTplyWkJ9dd5AfW-yxprusyJbkn8rBNXufMr8vR_h0UbKWvNShLxiUEzAgmJwZv6WZGF5wO0BExjcpa6BzRhwE0DKw9BOcUaPH5AtI3NqM:1lQwTF:h7DonDCZo9OTIMvqDYxtDrS3ps24h9CnHjaiUwtztYs", "expire_date": "2021-04-12T18:18:37.112Z"}}, {"model": "sessions.session", "pk": "jp3uz4ovlml97n735i6fg6fzj7llt4gi", "fields": {"session_data": ".eJxVjMsOwiAQRf-FtSFleBRcuvcbyDCMUjU0Ke3K-O_SpAvdnnPufYuI21ri1niJUxZnocTplyWkJ9dd5AfW-yxprusyJbkn8rBNXufMr8vR_h0UbKWvNShLxiUEzAgmJwZv6WZGF5wO0BExjcpa6BzRhwE0DKw9BOcUaPH5AtI3NqM:1lQw7B:UWY-9mVCJBGa-enmNvvofqnR3E0Y4Czz1HriYhJt54I", "expire_date": "2021-04-12T17:55:49.439Z"}}, {"model": "sessions.session", "pk": "lpu4trkci1cndje2j0cxyhi3yltgykfi", "fields": {"session_data": ".eJxVjMsOwiAQRf-FtSFleBRcuvcbyDCMUjU0Ke3K-O_SpAvdnnPufYuI21ri1niJUxZnocTplyWkJ9dd5AfW-yxprusyJbkn8rBNXufMr8vR_h0UbKWvNShLxiUEzAgmJwZv6WZGF5wO0BExjcpa6BzRhwE0DKw9BOcUaPH5AtI3NqM:1lQw79:e0nSnn7NR192X2SPY7uR6wOQxUIk45Cqx64ZYZ4eXCs", "expire_date": "2021-04-12T17:55:47.468Z"}}, {"model": "sessions.session", "pk": "lx1eoakno98m9on2mkqh4jkv0pf1f4u6", "fields": {"session_data": ".eJxVjMsOwiAQRf-FtSFleBRcuvcbyDCMUjU0Ke3K-O_SpAvdnnPufYuI21ri1niJUxZnocTplyWkJ9dd5AfW-yxprusyJbkn8rBNXufMr8vR_h0UbKWvNShLxiUEzAgmJwZv6WZGF5wO0BExjcpa6BzRhwE0DKw9BOcUaPH5AtI3NqM:1lQw7B:UWY-9mVCJBGa-enmNvvofqnR3E0Y4Czz1HriYhJt54I", "expire_date": "2021-04-12T17:55:49.284Z"}}, {"model": "sessions.session", "pk": "m51sxb8ojm61dz6lynovxgxq1lt8w0l8", "fields": {"session_data": ".eJxVjMsOwiAQRf-FtSFleBRcuvcbyDCMUjU0Ke3K-O_SpAvdnnPufYuI21ri1niJUxZnocTplyWkJ9dd5AfW-yxprusyJbkn8rBNXufMr8vR_h0UbKWvNShLxiUEzAgmJwZv6WZGF5wO0BExjcpa6BzRhwE0DKw9BOcUaPH5AtI3NqM:1lMt1R:XCUmLAa6D2gxp_0ZTHWARFLAML3Ho27jaD03o00bJMM", "expire_date": "2021-04-01T13:49:09.053Z"}}, {"model": "sessions.session", "pk": "mckq4942vzk5pd35iblyrx73kbcyan7w", "fields": {"session_data": ".eJxVjMsOwiAUBX_FsDakXB4Fl-79BnJ5KCiBpLQr479Lky50O3POvInFbU1263GxOZALYeT8yxz6V6y7CE-sj0Z9q-uSHd0n9LCd3lqI5Xps_wIJexpvDkx6oRwCBgQRXAQt_V3MyihuYCAf_cykhMERtZmAwxS5BqMUAz6iKY_OCUshny9yXzm7:1lQwcc:ACGdLrwRN7WmQsRgG-tkdp7D7rtx1aadxT6oTKD9R9w", "expire_date": "2021-04-12T18:28:18.987Z"}}, {"model": "sessions.session", "pk": "p4aj083hkt1diq0eve6n7y0w8r2qliha", "fields": {"session_data": ".eJxVjMsOwiAQRf-FtSFleBRcuvcbyDCMUjU0Ke3K-O_SpAvdnnPufYuI21ri1niJUxZnocTplyWkJ9dd5AfW-yxprusyJbkn8rBNXufMr8vR_h0UbKWvNShLxiUEzAgmJwZv6WZGF5wO0BExjcpa6BzRhwE0DKw9BOcUaPH5AtI3NqM:1lO1Ax:9qxtQd_b9UND5XmcRytIXV9EF5ocifM6ULHwgI7ZJIQ", "expire_date": "2021-04-04T16:43:39.337Z"}}, {"model": "sessions.session", "pk": "p5gtbuipjtkj3lt5lk1wwr6fh161r95x", "fields": {"session_data": ".eJxVjMsOwiAQRf-FtSFleBRcuvcbyDCMUjU0Ke3K-O_SpAvdnnPufYuI21ri1niJUxZnocTplyWkJ9dd5AfW-yxprusyJbkn8rBNXufMr8vR_h0UbKWvNShLxiUEzAgmJwZv6WZGF5wO0BExjcpa6BzRhwE0DKw9BOcUaPH5AtI3NqM:1lRXni:_8qOWvmj3gGw2UDU3udUZrWZsDYl44VkQ-XDSK7L5b8", "expire_date": "2021-04-14T10:10:14.587Z"}}, {"model": "sessions.session", "pk": "suougavc3qh79ftn8o6q0jp3mgkmx8uw", "fields": {"session_data": ".eJxVjMsOwiAQRf-FtSFleBRcuvcbyDCMUjU0Ke3K-O_SpAvdnnPufYuI21ri1niJUxZnocTplyWkJ9dd5AfW-yxprusyJbkn8rBNXufMr8vR_h0UbKWvNShLxiUEzAgmJwZv6WZGF5wO0BExjcpa6BzRhwE0DKw9BOcUaPH5AtI3NqM:1lQw7B:UWY-9mVCJBGa-enmNvvofqnR3E0Y4Czz1HriYhJt54I", "expire_date": "2021-04-12T17:55:49.994Z"}}, {"model": "sessions.session", "pk": "vj6fw6nyvy8vg3yf76ozkarmm5yrgbs9", "fields": {"session_data": "eyJuZXh0IjoiLyIsInZrLW9hdXRoMl9zdGF0ZSI6InlWN1FpY3MydTFUUWVoaDJWNVQ0QmdwSXVWbHljNkxjIn0:1lLrYi:5Yp74z4WxIDuGd2Y4ne8Zl8ZxspcUXvQZHvvIq8RUSI", "expire_date": "2021-03-29T18:03:16.450Z"}}, {"model": "sessions.session", "pk": "w4pv0lh3tyqc31yb0vzsj8sq28a4od2p", "fields": {"session_data": ".eJxVjMsOwiAQRf-FtSFleBRcuvcbyDCMUjU0Ke3K-O_SpAvdnnPufYuI21ri1niJUxZnocTplyWkJ9dd5AfW-yxprusyJbkn8rBNXufMr8vR_h0UbKWvNShLxiUEzAgmJwZv6WZGF5wO0BExjcpa6BzRhwE0DKw9BOcUaPH5AtI3NqM:1lQw7B:UWY-9mVCJBGa-enmNvvofqnR3E0Y4Czz1HriYhJt54I", "expire_date": "2021-04-12T17:55:49.523Z"}}, {"model": "sessions.session", "pk": "x9jbbjmow91vpx0c0ex7ro0hwb5xrkwe", "fields": {"session_data": ".eJxVjMsOwiAQRf-FtSFleBRcuvcbyDCMUjU0Ke3K-O_SpAvdnnPufYuI21ri1niJUxZnocTplyWkJ9dd5AfW-yxprusyJbkn8rBNXufMr8vR_h0UbKWvNShLxiUEzAgmJwZv6WZGF5wO0BExjcpa6BzRhwE0DKw9BOcUaPH5AtI3NqM:1lPPJ6:9XyveqgnPcIPgZ0zRPhcP0VQ3L8EpJ65znP00-2pSFg", "expire_date": "2021-04-08T12:41:48.547Z"}}, {"model": "sessions.session", "pk": "xm9sa86wvs6fob3os7x6fsy94nowunjd", "fields": {"session_data": ".eJxVjMsOwiAQRf-FtSFleBRcuvcbyDCMUjU0Ke3K-O_SpAvdnnPufYuI21ri1niJUxZnocTplyWkJ9dd5AfW-yxprusyJbkn8rBNXufMr8vR_h0UbKWvNShLxiUEzAgmJwZv6WZGF5wO0BExjcpa6BzRhwE0DKw9BOcUaPH5AtI3NqM:1lTNrz:9Ub8TItlkvo0jm2apFO2k8tdAnGckOFscoKCmbgmTog", "expire_date": "2021-04-19T11:58:15.922Z"}}, {"model": "sessions.session", "pk": "zyxr25trkhujilpsm65283k9i09g7ddx", "fields": {"session_data": ".eJxVjMsOwiAQRf-FtSFleBRcuvcbyDCMUjU0Ke3K-O_SpAvdnnPufYuI21ri1niJUxZnocTplyWkJ9dd5AfW-yxprusyJbkn8rBNXufMr8vR_h0UbKWvNShLxiUEzAgmJwZv6WZGF5wO0BExjcpa6BzRhwE0DKw9BOcUaPH5AtI3NqM:1lQw7A:wzTYQeii0qbluiyIjHtlVl8ScmlheGYc1HtdqRMC43I", "expire_date": "2021-04-12T17:55:48.439Z"}}, {"model": "mainapp.productcategory", "pk": 1, "fields": {"name": "Одежда", "description": "", "is_active": true}}, {"model": "mainapp.product", "pk": 1, "fields": {"name": "Худи черного цвета с монограммами adidas Originals", "image": "products_images/Adidas-hoodie_1C2aHZ8.png", "description": "", "short_description": "", "price": "6090.00", "quantity": 1100, "category": 1, "is_active": true}}, {"model": "mainapp.product", "pk": 2, "fields": {"name": "Синяя куртка The North Face", "image": "products_images/Blue-jacket-The-North-Face_Afg6iz9.png", "description": "", "short_description": "", "price": "23725.00", "quantity": 2, "category": 1, "is_active": true}}, {"model": "authapp.user", "pk": 1, "fields": {"password": "pbkdf2_sha256$216000$oGBWUm29USuw$7EwAvnpJ0iahDvjf9MT9eFCI2oH9HVLX6/qNxPYgzPA=", "last_login": "2021-04-05T17:42:28.847Z", "is_superuser": true, "username": "admin", "first_name": "", "last_name": "", "email": "admin@mail.ru", "is_staff": true, "is_active": true, "date_joined": "2021-03-11T17:56:02.595Z", "avatar": "", "age": null, "activation_key": null, "activation_key_expires": "2021-03-13T18:02:59.077Z", "groups": [], "user_permissions": []}}, {"model": "authapp.user", "pk": 2, "fields": {"password": "pbkdf2_sha256$216000$B02099QVb2Hx$X7DFp0okNUfBKrLN2o6WDbY2YUKu3Esb/Xfkv9oTXeA=", "last_login": null, "is_superuser": false, "username": "anton", "first_name": "anton", "last_name": "anton", "email": "anton@mail.ru", "is_staff": false, "is_active": false, "date_joined": "2021-03-11T18:13:29.866Z", "avatar": "", "age": null, "activation_key": "481e7f749a77eaf207ffa0ae2b3e5bcc172b2196", "activation_key_expires": "2021-03-13T18:12:46.252Z", "groups": [], "user_permissions": []}}, {"model": "authapp.user", "pk": 3, "fields": {"password": "pbkdf2_sha256$216000$fJ3AvDzOkO87$QDikj3pf5ft1zmtqTd27M7VIcRaiAyo0WblLpuORJhg=", "last_login": null, "is_superuser": false, "username": "anton1", "first_name": "anton1", "last_name": "anton1", "email": "anton1@mail.ru", "is_staff": false, "is_active": false, "date_joined": "2021-03-11T18:39:42.942Z", "avatar": "", "age": null, "activation_key": "d4ab0402fbedcbb66b167e2a9de29acd1334bed5", "activation_key_expires": "2021-03-13T18:38:26.051Z", "groups": [], "user_permissions": []}}, {"model": "authapp.user", "pk": 4, "fields": {"password": "pbkdf2_sha256$216000$ReN7vZ2b9SRv$Eu6WlGoXFj6Un56OgxKFjoEsPfU2gneGShTHJqVudA8=", "last_login": null, "is_superuser": false, "username": "anton2", "first_name": "anton2", "last_name": "anton2", "email": "anton2@mail.ru", "is_staff": false, "is_active": false, "date_joined": "2021-03-11T18:43:36.220Z", "avatar": "", "age": null, "activation_key": "19b4d460ff4e7168ff41399da9a786b1a11f47ec", "activation_key_expires": "2021-03-13T18:43:17.922Z", "groups": [], "user_permissions": []}}, {"model": "authapp.user", "pk": 5, "fields": {"password": "pbkdf2_sha256$216000$wkcaNP39m2QH$ac1N+UwWHuK3/lv60TcdLLDxtk5hE4/QnkNcZRvlYdM=", "last_login": "2021-03-11T18:54:31.664Z", "is_superuser": false, "username": "anton3", "first_name": "anton3", "last_name": "anton3", "email": "anton3@mail.ru", "is_staff": false, "is_active": true, "date_joined": "2021-03-11T18:44:58.489Z", "avatar": "", "age": null, "activation_key": null, "activation_key_expires": "2021-03-13T18:44:37.780Z", "groups": [], "user_permissions": []}}, {"model": "authapp.user", "pk": 6, "fields": {"password": "pbkdf2_sha256$216000$NvBXcNkdqmEF$xOoLnQszGIQle7Ow311NHmitiHtVqPYXnpEgBg4AuHc=", "last_login": "2021-03-11T19:09:31.030Z", "is_superuser": false, "username": "anton4", "first_name": "anton4", "last_name": "anton4", "email": "anton4@mail.ru", "is_staff": false, "is_active": true, "date_joined": "2021-03-11T18:47:19.173Z", "avatar": "", "age": null, "activation_key": null, "activation_key_expires": "2021-03-13T18:47:05.406Z", "groups": [], "user_permissions": []}}, {"model": "authapp.user", "pk": 7, "fields": {"password": "", "last_login": null, "is_superuser": false, "username": "", "first_name": "", "last_name": "", "email": "aaa@bbb.ru", "is_staff": false, "is_active": true, "date_joined": "2021-03-11T19:24:24.484Z", "avatar": "", "age": null, "activation_key": null, "activation_key_expires": "2021-03-13T19:24:24.433Z", "groups": [], "user_permissions": []}}, {"model": "authapp.user", "pk": 8, "fields": {"password": "!mLS1kvMw5RkyXkBbDQKvmrdHrccoTCdsd3s5ZMx1", "last_login": "2021-03-15T19:26:36.345Z", "is_superuser": false, "username": "soloninin_anton", "first_name": "Антон", "last_name": "Солонинин", "email": "111111111@easfsdf.ru", "is_staff": false, "is_active": true, "date_joined": "2021-03-15T18:01:37.965Z", "avatar": "", "age": 18, "activation_key": null, "activation_key_expires": "2021-03-17T18:00:29.442Z", "groups": [], "user_permissions": []}}, {"model": "authapp.user", "pk": 9, "fields": {"password": "pbkdf2_sha256$216000$asnhSfhgRxrZ$QEET6SLcoEMaUzxuDKilTuci7mlusO1zbRlk1jMzEw8=", "last_login": null, "is_superuser": true, "username": "admin1", "first_name": "", "last_name": "", "email": "admin1@yandex.ru", "is_staff": true, "is_active": true, "date_joined": "2021-03-16T06:44:02.029Z", "avatar": "", "age": 18, "activation_key": null, "activation_key_expires": "2021-03-18T06:43:46.034Z", "groups": [], "user_permissions": []}}, {"model": "authapp.user", "pk": 10, "fields": {"password": "pbkdf2_sha256$216000$WsdyT3A93pIE$2S4o6m0iSppOAqFuD99Opukz3s1gXgq4kNE70qN4mlA=", "last_login": null, "is_superuser": false, "username": "q1w2", "first_name": "q1w2", "last_name": "q1w2", "email": "sdfsdf@sdfsdf.ru", "is_staff": false, "is_active": false, "date_joined": "2021-04-01T12:10:03.490Z", "avatar": "", "age": 18, "activation_key": "e02f2a24432537b084bb14a1c3370f0aff79f1b7", "activation_key_expires": "2021-04-03T12:10:03.490Z", "groups": [], "user_permissions": []}}, {"model": "authapp.shopuserprofile", "pk": 1, "fields": {"user": 1, "tagline": "", "aboutMe": "", "gender": ""}}, {"model": "authapp.shopuserprofile", "pk": 2, "fields": {"user": 2, "tagline": "", "aboutMe": "", "gender": ""}}, {"model": "authapp.shopuserprofile", "pk": 3, "fields": {"user": 3, "tagline": "", "aboutMe": "", "gender": ""}}, {"model": "authapp.shopuserprofile", "pk": 4, "fields": {"user": 4, "tagline": "", "aboutMe": "", "gender": ""}}, {"model": "authapp.shopuserprofile", "pk": 5, "fields": {"user": 5, "tagline": "", "aboutMe": "", "gender": ""}}, {"model": "authapp.shopuserprofile", "pk": 6, "fields": {"user": 6, "tagline": "", "aboutMe": "", "gender": ""}}, {"model": "authapp.shopuserprofile", "pk": 7, "fields": {"user": 7, "tagline": "", "aboutMe": "", "gender": ""}}, {"model": "authapp.shopuserprofile", "pk": 8, "fields": {"user": 8, "tagline": "", "aboutMe": "1", "gender": "M"}}, {"model": "authapp.shopuserprofile", "pk": 9, "fields": {"user": 9, "tagline": "", "aboutMe": "", "gender": ""}}, {"model": "authapp.shopuserprofile", "pk": 10, "fields": {"user": 10, "tagline": "", "aboutMe": "", "gender": ""}}, {"model": "ordersapp.order", "pk": 13, "fields": {"user": 1, "created": "2021-03-22T15:54:40.494Z", "updated": "2021-03-22T15:54:58.517Z", "status": "FM", "is_active": false}}, {"model": "ordersapp.order", "pk": 14, "fields": {"user": 1, "created": "2021-03-22T18:21:52.709Z", "updated": "2021-03-22T18:21:52.723Z", "status": "FM", "is_active": true}}, {"model": "ordersapp.order", "pk": 15, "fields": {"user": 1, "created": "2021-03-22T18:22:54.978Z", "updated": "2021-03-22T18:23:07.360Z", "status": "FM", "is_active": false}}, {"model": "ordersapp.order", "pk": 16, "fields": {"user": 1, "created": "2021-03-22T18:26:47.290Z", "updated": "2021-03-22T18:26:47.310Z", "status": "FM", "is_active": true}}, {"model": "ordersapp.order", "pk": 17, "fields": {"user": 1, "created": "2021-03-22T18:37:17.215Z", "updated": "2021-03-22T18:37:17.250Z", "status": "FM", "is_active": false}}, {"model": "ordersapp.order", "pk": 18, "fields": {"user": 1, "created": "2021-03-25T12:47:22.683Z", "updated": "2021-03-25T12:47:22.694Z", "status": "FM", "is_active": true}}, {"model": "ordersapp.order", "pk": 19, "fields": {"user": 1, "created": "2021-03-25T13:05:55.138Z", "updated": "2021-03-25T13:05:55.156Z", "status": "FM", "is_active": true}}, {"model": "ordersapp.order", "pk": 20, "fields": {"user": 1, "created": "2021-03-25T17:18:49.061Z", "updated": "2021-03-25T17:18:49.082Z", "status": "FM", "is_active": true}}, {"model": "ordersapp.order", "pk": 21, "fields": {"user": 1, "created": "2021-03-29T21:28:25.891Z", "updated": "2021-03-29T21:28:25.942Z", "status": "FM", "is_active": true}}, {"model": "ordersapp.order", "pk": 22, "fields": {"user": 1, "created": "2021-03-31T10:14:37.743Z", "updated": "2021-03-31T10:14:37.777Z", "status": "FM", "is_active": true}}, {"model": "ordersapp.order", "pk": 23, "fields": {"user": 1, "created": "2021-04-01T18:23:57.398Z", "updated": "2021-04-01T18:23:57.449Z", "status": "FM", "is_active": true}}, {"model": "ordersapp.order", "pk": 24, "fields": {"user": 1, "created": "2021-04-01T18:38:24.394Z", "updated": "2021-04-01T18:38:24.424Z", "status": "FM", "is_active": false}}, {"model": "ordersapp.order", "pk": 25, "fields": {"user": 1, "created": "2021-04-01T18:39:49.547Z", "updated": "2021-04-01T18:39:49.585Z", "status": "FM", "is_active": true}}, {"model": "ordersapp.order", "pk": 26, "fields": {"user": 1, "created": "2021-04-01T18:40:06.249Z", "updated": "2021-04-01T18:40:06.296Z", "status": "FM", "is_active": true}}, {"model": "ordersapp.orderitem", "pk": 7, "fields": {"order": 14, "product": 1, "quantity": 2}}, {"model": "ordersapp.orderitem", "pk": 8, "fields": {"order": 15, "product": 1, "quantity": 1}}, {"model": "ordersapp.orderitem", "pk": 9, "fields": {"order": 16, "product": 1, "quantity": 1}}, {"model": "ordersapp.orderitem", "pk": 10, "fields": {"order": 17, "product": 2, "quantity": 0}}, {"model": "ordersapp.orderitem", "pk": 11, "fields": {"order": 18, "product": 1, "quantity": 1}}, {"model": "ordersapp.orderitem", "pk": 12, "fields": {"order": 19, "product": 1, "quantity": 5}}, {"model": "ordersapp.orderitem", "pk": 13, "fields": {"order": 20, "product": 2, "quantity": 5}}, {"model": "ordersapp.orderitem", "pk": 14, "fields": {"order": 21, "product": 2, "quantity": 1}}, {"model": "ordersapp.orderitem", "pk": 15, "fields": {"order": 22, "product": 1, "quantity": 1}}, {"model": "ordersapp.orderitem", "pk": 16, "fields": {"order": 23, "product": 2, "quantity": 2}}, {"model": "ordersapp.orderitem", "pk": 17, "fields": {"order": 23, "product": 1, "quantity": 2}}, {"model": "ordersapp.orderitem", "pk": 18, "fields": {"order": 25, "product": 1, "quantity": 1}}, {"model": "ordersapp.orderitem", "pk": 19, "fields": {"order": 26, "product": 1, "quantity": 1}}, {"model": "social_django.usersocialauth", "pk": 1, "fields": {"user": 8, "provider": "vk-oauth2", "uid": "5530307", "extra_data": "{\"auth_time\": 1615836396, \"id\": 5530307, \"expires\": 86400, \"access_token\": \"e7b00caa26d274888c5d7d9dea0faa87c28003bb6799b3691763a4c29813c4f1ccbaa8e63b982e3a5dc60\", \"token_type\": null}", "created": "2021-03-15T18:01:37.976Z", "modified": "2021-03-15T19:26:36.324Z"}}]